{"cameraMode":{"drawMode":0,"name":"Shaded","section":"Shading Mode"},"sceneLighting":false,"audioPlay":false,"sceneViewState":{"showFog":false,"showMaterialUpdate":false,"showSkybox":false,"showFlares":false,"showImageEffects":false,"showParticleSystems":true},"in2DMode":false,"pivot":{"x":0.0,"y":0.01793992519378662,"z":0.6810007095336914},"rotation":{"x":0.48502665758132937,"y":-0.003935333341360092,"z":0.002182713244110346,"w":0.8744878768920898},"size":15.427268028259278,"orthographic":true}