{"cameraMode":{"drawMode":0,"name":"Shaded","section":"Shading Mode"},"sceneLighting":true,"audioPlay":false,"sceneViewState":{"showFog":false,"showMaterialUpdate":false,"showSkybox":false,"showFlares":false,"showImageEffects":false,"showParticleSystems":true},"in2DMode":false,"pivot":{"x":1.1920448541641236,"y":0.1727151721715927,"z":-0.6064482927322388},"rotation":{"x":-0.7006949186325073,"y":-0.005350656341761351,"z":0.005255359224975109,"w":-0.713421642780304},"size":8.200848579406739,"orthographic":false}