{"cameraMode":{"drawMode":0,"name":"Shaded","section":"Shading Mode"},"sceneLighting":false,"audioPlay":false,"sceneViewState":{"showFog":false,"showMaterialUpdate":false,"showSkybox":false,"showFlares":false,"showImageEffects":false,"showParticleSystems":true},"in2DMode":false,"pivot":{"x":-4.941429138183594,"y":4.519148349761963,"z":-33.40462112426758},"rotation":{"x":0.6723618507385254,"y":-0.002220533322542906,"z":0.0020171510986983778,"w":0.7402166724205017},"size":13.981717109680176,"orthographic":true}