{"cameraMode":{"drawMode":0,"name":"Shaded","section":"Shading Mode"},"sceneLighting":false,"audioPlay":false,"sceneViewState":{"showFog":false,"showMaterialUpdate":false,"showSkybox":false,"showFlares":false,"showImageEffects":false,"showParticleSystems":true},"in2DMode":false,"pivot":{"x":0.2005046010017395,"y":-13.189874649047852,"z":-0.46257686614990237},"rotation":{"x":0.7165850400924683,"y":-0.002092269714921713,"z":0.002149818232282996,"w":0.697493314743042},"size":10.057267189025879,"orthographic":true}