{"cameraMode":{"drawMode":0,"name":"Shaded","section":"Shading Mode"},"sceneLighting":false,"audioPlay":false,"sceneViewState":{"showFog":false,"showMaterialUpdate":false,"showSkybox":false,"showFlares":false,"showImageEffects":false,"showParticleSystems":true},"in2DMode":false,"pivot":{"x":0.027741974219679834,"y":-0.2626410126686096,"z":7.6285271644592289},"rotation":{"x":0.4843043386936188,"y":-0.3014404773712158,"z":0.18229341506958009,"w":0.8008445501327515},"size":5.725367546081543,"orthographic":false}