{"cameraMode":{"drawMode":0,"name":"Shaded","section":"Shading Mode"},"sceneLighting":false,"audioPlay":false,"sceneViewState":{"showFog":false,"showMaterialUpdate":false,"showSkybox":false,"showFlares":false,"showImageEffects":false,"showParticleSystems":true},"in2DMode":false,"pivot":{"x":0.008932799100875855,"y":0.36373192071914675,"z":-0.00033015012741088867},"rotation":{"x":0.48502665758132937,"y":-0.003935333341360092,"z":0.002182713244110346,"w":0.8744878768920898},"size":2.298903226852417,"orthographic":true}