{"cameraMode":{"drawMode":0,"name":"Shaded","section":"Shading Mode"},"sceneLighting":false,"audioPlay":false,"sceneViewState":{"showFog":false,"showMaterialUpdate":false,"showSkybox":false,"showFlares":false,"showImageEffects":false,"showParticleSystems":true},"in2DMode":false,"pivot":{"x":0.0,"y":0.33994048833847048,"z":1.4901161193847657e-8},"rotation":{"x":0.23966364562511445,"y":-0.1190597340464592,"z":0.02962752990424633,"w":0.9630723595619202},"size":1.6171584129333497,"orthographic":true}