{"cameraMode":{"drawMode":0,"name":"Shaded","section":"Shading Mode"},"sceneLighting":false,"audioPlay":false,"sceneViewState":{"showFog":false,"showMaterialUpdate":false,"showSkybox":false,"showFlares":false,"showImageEffects":false,"showParticleSystems":true},"in2DMode":false,"pivot":{"x":1.9000654220581055,"y":-3.248600959777832,"z":-1.7994321584701539},"rotation":{"x":0.23369565606117249,"y":0.7662385106086731,"z":-0.4175030589103699,"w":0.4289010763168335},"size":8.428050994873047,"orthographic":false}