{"cameraMode":{"drawMode":0,"name":"Shaded","section":"Shading Mode"},"sceneLighting":true,"audioPlay":false,"sceneViewState":{"showFog":false,"showMaterialUpdate":false,"showSkybox":false,"showFlares":false,"showImageEffects":false,"showParticleSystems":true},"in2DMode":false,"pivot":{"x":0.5599994659423828,"y":0.0,"z":-2.4628496170043947},"rotation":{"x":-0.7006949186325073,"y":-0.005350656341761351,"z":0.005255359224975109,"w":-0.713421642780304},"size":67.25182342529297,"orthographic":false}