{"cameraMode":{"drawMode":0,"name":"Shaded","section":"Shading Mode"},"sceneLighting":false,"audioPlay":false,"sceneViewState":{"showFog":false,"showMaterialUpdate":false,"showSkybox":false,"showFlares":false,"showImageEffects":false,"showParticleSystems":true},"in2DMode":false,"pivot":{"x":-0.8863493800163269,"y":-0.571484386920929,"z":-2.4087400436401369},"rotation":{"x":0.2716005742549896,"y":-0.35610178112983706,"z":0.10898489505052567,"w":0.8874384760856628},"size":5.1575493812561039,"orthographic":true}