{"cameraMode":{"drawMode":0,"name":"Shaded","section":"Shading Mode"},"sceneLighting":false,"audioPlay":false,"sceneViewState":{"showFog":false,"showMaterialUpdate":false,"showSkybox":false,"showFlares":false,"showImageEffects":false,"showParticleSystems":true},"in2DMode":false,"pivot":{"x":0.9684431552886963,"y":0.5988368988037109,"z":0.5995185971260071},"rotation":{"x":0.48502665758132937,"y":-0.003935333341360092,"z":0.002182713244110346,"w":0.8744878768920898},"size":2.4646501541137697,"orthographic":true}