{"cameraMode":{"drawMode":0,"name":"Shaded","section":"Shading Mode"},"sceneLighting":true,"audioPlay":false,"sceneViewState":{"showFog":false,"showMaterialUpdate":false,"showSkybox":false,"showFlares":false,"showImageEffects":false,"showParticleSystems":true},"in2DMode":false,"pivot":{"x":0.039999961853027347,"y":2.384185791015625e-7,"z":-2.276599884033203},"rotation":{"x":-0.7006949186325073,"y":-0.005350656341761351,"z":0.005255359224975109,"w":-0.713421642780304},"size":74.75013732910156,"orthographic":false}