{"cameraMode":{"drawMode":0,"name":"Shaded","section":"Shading Mode"},"sceneLighting":false,"audioPlay":false,"sceneViewState":{"showFog":false,"showMaterialUpdate":false,"showSkybox":false,"showFlares":false,"showImageEffects":false,"showParticleSystems":true},"in2DMode":false,"pivot":{"x":-1.4512672424316407,"y":0.4339105486869812,"z":0.18931496143341065},"rotation":{"x":0.48502665758132937,"y":-0.003935333341360092,"z":0.002182713244110346,"w":0.8744878768920898},"size":2.778545618057251,"orthographic":true}