{"cameraMode":{"drawMode":0,"name":"Shaded","section":"Shading Mode"},"sceneLighting":false,"audioPlay":false,"sceneViewState":{"showFog":false,"showMaterialUpdate":false,"showSkybox":false,"showFlares":false,"showImageEffects":false,"showParticleSystems":true},"in2DMode":false,"pivot":{"x":2.3117504119873049,"y":0.4020470380783081,"z":0.6929950714111328},"rotation":{"x":0.48502665758132937,"y":-0.003935333341360092,"z":0.002182713244110346,"w":0.8744878768920898},"size":3.9488284587860109,"orthographic":true}