{"cameraMode":{"drawMode":0,"name":"Shaded","section":"Shading Mode"},"sceneLighting":true,"audioPlay":false,"sceneViewState":{"showFog":false,"showMaterialUpdate":false,"showSkybox":false,"showFlares":false,"showImageEffects":false,"showParticleSystems":true},"in2DMode":false,"pivot":{"x":0.26208731532096865,"y":1.506162405014038,"z":-0.018237262964248658},"rotation":{"x":-0.7006949186325073,"y":-0.005350656341761351,"z":0.005255359224975109,"w":-0.713421642780304},"size":4.222372531890869,"orthographic":false}